[
    {
        "model": "users.NewAgentRequest",
        "pk": 1,
        "fields": {
            "email": "dstlmrk@gmail.com",
            "is_staff": true,
            "is_superuser": true,
            "invited_by": 2,
            "created_at": "2024-11-01T00:00:00Z",
            "updated_at": "2024-11-01T00:00:00Z"
        }
    },
    {
        "model": "clubs.club",
        "pk": 1,
        "fields": {
            "name": "Prague Devils",
            "email": "info@praguedevils.org",
            "website": "https://praguedevils.org/",
            "city": "Prague",
            "organization_name": "Prague Devils, z.s.",
            "identification_number": "21983682",
            "created_at": "2024-11-01T00:00:00Z",
            "updated_at": "2024-11-01T00:00:00Z"
        }
    },
    {
        "model": "clubs.club",
        "pk": 33,
        "fields": {
            "name": "National team",
            "email": "national.team@cauf.cz",
            "website": "https://cauf.cz/",
            "city": "Prague",
            "organization_name": "Czech Association of Ultimate Frisbee",
            "identification_number": "",
            "created_at": "2024-11-01T00:00:00Z",
            "updated_at": "2024-11-01T00:00:00Z"
        }
    },
    {
        "model": "clubs.team",
        "pk": 1,
        "fields": {
            "name": "Prague Devils",
            "is_primary": true,
            "club": 1,
            "created_at": "2024-11-01T00:00:00Z",
            "updated_at": "2024-11-01T00:00:00Z"
        }
    },
    {
        "model": "clubs.team",
        "pk": 2,
        "fields": {
            "name": "Prague Devils B",
            "is_primary": false,
            "club": 1,
            "created_at": "2024-11-01T00:00:00Z",
            "updated_at": "2024-11-01T00:00:00Z"
        }
    },
    {
        "model": "clubs.team",
        "pk": 33,
        "fields": {
            "name": "National team",
            "is_primary": true,
            "club": 33,
            "created_at": "2024-11-01T00:00:00Z",
            "updated_at": "2024-11-01T00:00:00Z"
        }
    },
    {
        "model": "users.NewAgentRequest",
        "pk": 2,
        "fields": {
            "email": "dastycz.2@gmail.com",
            "is_staff": true,
            "is_superuser": false,
            "invited_by": 2,
            "is_primary": true,
            "club": 1,
            "created_at": "2024-11-01T00:00:00Z",
            "updated_at": "2024-11-01T00:00:00Z"
        }
    },
    {
        "model": "members.member",
        "pk": 1,
        "fields": {
            "club": 1,
            "first_name": "Jan",
            "last_name": "Malý",
            "birth_date": "1985-05-15",
            "sex": 2,
            "citizenship": "CZ",
            "birth_number": "7059010002",
            "email": "jan.maly@example.com",
            "marketing_consent_given_at": null,
            "email_confirmed_at": "2024-11-01T00:00:00Z",
            "is_active": true,
            "created_at": "2024-11-01T00:00:00Z",
            "updated_at": "2024-11-01T00:00:00Z"
        }
    },
    {
        "model": "members.member",
        "pk": 2,
        "fields": {
            "club": 1,
            "first_name": "Jane",
            "last_name": "Smith",
            "birth_date": "1990-09-10",
            "sex": 1,
            "citizenship": "US",
            "birth_number": "",
            "street": "Main St",
            "city": "Springfield",
            "house_number": "123",
            "postal_code": "00000",
            "email": "jane.smith@example.com",
            "marketing_consent_given_at": "2023-10-01T10:00:00Z",
            "email_confirmed_at": "2024-11-01T00:00:00Z",
            "is_active": true,
            "default_jersey_number": 23,
            "created_at": "2024-11-01T00:00:00Z",
            "updated_at": "2024-11-01T00:00:00Z"
        }
    },
    {
        "model": "members.member",
        "pk": 3,
        "fields": {
            "club": 1,
            "first_name": "Alice",
            "last_name": "Malátná",
            "birth_date": "1995-03-20",
            "sex": 1,
            "citizenship": "CZ",
            "birth_number": "7059090005",
            "email": "alice.malatna@example.com",
            "marketing_consent_given_at": "2023-01-15T15:30:00Z",
            "email_confirmed_at": "2024-11-01T00:00:00Z",
            "is_active": true,
            "default_jersey_number": 10,
            "created_at": "2024-11-01T00:00:00Z",
            "updated_at": "2024-11-01T00:00:00Z"
        }
    },
    {
        "model": "members.member",
        "pk": 4,
        "fields": {
            "club": 1,
            "first_name": "Robert",
            "last_name": "Taylor",
            "birth_date": "1980-12-01",
            "sex": 2,
            "citizenship": "GB",
            "birth_number": "",
            "street": "Main St",
            "city": "Springfield",
            "house_number": "123",
            "postal_code": "00000",
            "email": "robert.taylor@example.com",
            "marketing_consent_given_at": null,
            "email_confirmed_at": "2024-11-01T00:00:00Z",
            "is_active": false,
            "default_jersey_number": 96,
            "created_at": "2024-11-01T00:00:00Z",
            "updated_at": "2024-11-01T00:00:00Z"
        }
    },
    {
        "model": "members.coachlicence",
        "pk": 1,
        "fields": {
            "member": 1,
            "level": 1,
            "valid_from": "2022-01-01",
            "valid_to": "2024-01-01",
            "created_at": "2024-11-01T00:00:00Z",
            "updated_at": "2024-11-01T00:00:00Z"
        }
    },
    {
        "model": "members.coachlicence",
        "pk": 2,
        "fields": {
            "member": 1,
            "level": 2,
            "valid_from": "2023-06-01",
            "valid_to": "2025-06-01",
            "created_at": "2024-11-01T00:00:00Z",
            "updated_at": "2024-11-01T00:00:00Z"
        }
    },
    {
        "model": "members.coachlicence",
        "pk": 3,
        "fields": {
            "member": 3,
            "level": 3,
            "valid_from": "2021-05-01",
            "valid_to": "2023-05-01",
            "created_at": "2024-11-01T00:00:00Z",
            "updated_at": "2024-11-01T00:00:00Z"
        }
    },
    {
        "model": "competitions.season",
        "pk": 1,
        "fields": {
            "name": "2025",
            "discounted_fee": "200.00",
            "regular_fee": "600.00",
            "fee_at_tournament": "60.00",
            "min_allowed_age": 14,
            "age_reference_date": "2025-12-31",
            "created_at": "2024-11-01T00:00:00Z",
            "updated_at": "2024-11-01T00:00:00Z"
        }
    },
    {
        "model": "competitions.division",
        "pk": 1,
        "fields": {
            "name": "Women",
            "is_female_allowed": true,
            "is_male_allowed": false,
            "created_at": "2024-11-01T00:00:00Z",
            "updated_at": "2024-11-01T00:00:00Z"
        }
    },
    {
        "model": "competitions.division",
        "pk": 2,
        "fields": {
            "name": "Mixed",
            "is_female_allowed": true,
            "is_male_allowed": true,
            "created_at": "2024-11-01T00:00:00Z",
            "updated_at": "2024-11-01T00:00:00Z"
        }
    },
    {
        "model": "competitions.agelimit",
        "pk": 1,
        "fields": {
            "name": "U20",
            "m_min": 12,
            "m_max": 19,
            "f_min": 12,
            "f_max": 19,
            "created_at": "2024-11-01T00:00:00Z",
            "updated_at": "2024-11-01T00:00:00Z"
        }
    },
    {
        "model": "competitions.agelimit",
        "pk": 2,
        "fields": {
            "name": "Masters",
            "m_min": 33,
            "m_max": 99,
            "f_min": 30,
            "f_max": 99,
            "created_at": "2024-11-01T00:00:00Z",
            "updated_at": "2024-11-01T00:00:00Z"
        }
    },
    {
        "model": "competitions.competition",
        "pk": 1,
        "fields": {
            "name": "JMČR",
            "season": 1,
            "division": 1,
            "age_limit": 1,
            "environment": 1,
            "fee_type": 2,
            "deposit": "2000",
            "registration_deadline": "2025-04-01T23:59:59Z",
            "created_at": "2024-11-01T00:00:00Z",
            "updated_at": "2024-11-01T00:00:00Z"
        }
    },
    {
        "model": "competitions.competition",
        "pk": 2,
        "fields": {
            "name": "HMČR",
            "season": 1,
            "division": 2,
            "age_limit": null,
            "environment": 2,
            "fee_type": 3,
            "deposit": "4000.00",
            "registration_deadline": "2024-11-15T23:59:59Z",
            "created_at": "2024-11-01T00:00:00Z",
            "updated_at": "2024-11-01T00:00:00Z"
        }
    },
    {
        "model": "tournaments.tournament",
        "pk": 1,
        "fields": {
            "competition": 1,
            "name": "Autumn Cup Qualifiers",
            "start_date": "2023-09-10",
            "end_date": "2023-09-12",
            "location": "Prague",
            "rosters_deadline": "2023-09-09T18:00:00Z",
            "created_at": "2024-11-01T00:00:00Z",
            "updated_at": "2024-11-01T00:00:00Z"
        }
    },
    {
        "model": "tournaments.tournament",
        "pk": 2,
        "fields": {
            "competition": 1,
            "name": "Autumn Cup Semifinals",
            "start_date": "2023-10-01",
            "end_date": "2023-10-02",
            "location": "Brno",
            "rosters_deadline": "2023-09-30T18:00:00Z",
            "created_at": "2024-11-01T00:00:00Z",
            "updated_at": "2024-11-01T00:00:00Z"
        }
    },
    {
        "model": "tournaments.tournament",
        "pk": 3,
        "fields": {
            "competition": 1,
            "name": "Autumn Cup Finals",
            "start_date": "2023-11-05",
            "end_date": "2023-11-06",
            "location": "Ostrava",
            "rosters_deadline": "2023-11-04T18:00:00Z",
            "created_at": "2024-11-01T00:00:00Z",
            "updated_at": "2024-11-01T00:00:00Z"
        }
    },
    {
        "model": "tournaments.tournament",
        "pk": 4,
        "fields": {
            "competition": 2,
            "name": "Winter Open Round 1",
            "start_date": "2024-01-15",
            "end_date": "2024-01-16",
            "location": "Plzeň",
            "rosters_deadline": "2024-01-14T18:00:00Z",
            "created_at": "2024-11-01T00:00:00Z",
            "updated_at": "2024-11-01T00:00:00Z"
        }
    },
    {
        "model": "tournaments.tournament",
        "pk": 5,
        "fields": {
            "competition": 2,
            "name": "Winter Open Round 2",
            "start_date": "2025-02-20",
            "end_date": "2025-02-21",
            "location": "Liberec",
            "rosters_deadline": "2025-02-19T18:00:00Z",
            "created_at": "2025-11-01T00:00:00Z",
            "updated_at": "2025-11-01T00:00:00Z"
        }
    },
    {
        "model": "tournaments.tournament",
        "pk": 6,
        "fields": {
            "competition": 2,
            "name": "Winter Open Finals",
            "start_date": "2025-03-10",
            "end_date": "2025-03-11",
            "location": "Hradec Králové",
            "rosters_deadline": "2025-03-09T18:00:00Z",
            "created_at": "2025-11-01T00:00:00Z",
            "updated_at": "2025-11-01T00:00:00Z"
        }
    },
    {
        "model": "clubs.club",
        "pk": 2,
        "fields": {
            "name": "Brno Hammers",
            "short_name": "BRN",
            "email": "info@brnohammers.cz",
            "website": "https://brnohammers.cz/",
            "city": "Brno",
            "organization_name": "Brno Hammers, z.s.",
            "identification_number": "",
            "created_at": "2024-11-01T00:00:00Z",
            "updated_at": "2024-11-01T00:00:00Z"
        }
    },
    {
        "model": "clubs.club",
        "pk": 3,
        "fields": {
            "name": "Ostrava Ospreys",
            "short_name": "OST",
            "email": "info@ostravaospreys.cz",
            "website": "https://ostravaospreys.cz/",
            "city": "Ostrava",
            "organization_name": "Ostrava Ospreys, z.s.",
            "identification_number": "",
            "created_at": "2024-11-01T00:00:00Z",
            "updated_at": "2024-11-01T00:00:00Z"
        }
    },
    {
        "model": "clubs.club",
        "pk": 4,
        "fields": {
            "name": "Plzeň Pelicans",
            "short_name": "PLZ",
            "email": "info@plzenpelicans.cz",
            "website": "https://plzenpelicans.cz/",
            "city": "Plzeň",
            "organization_name": "Plzeň Pelicans, z.s.",
            "identification_number": "",
            "created_at": "2024-11-01T00:00:00Z",
            "updated_at": "2024-11-01T00:00:00Z"
        }
    },
    {
        "model": "clubs.team",
        "pk": 3,
        "fields": {
            "name": "Brno Hammers",
            "is_primary": true,
            "is_active": true,
            "club": 2,
            "created_at": "2024-11-01T00:00:00Z",
            "updated_at": "2024-11-01T00:00:00Z"
        }
    },
    {
        "model": "clubs.team",
        "pk": 4,
        "fields": {
            "name": "Ostrava Ospreys",
            "is_primary": true,
            "is_active": true,
            "club": 3,
            "created_at": "2024-11-01T00:00:00Z",
            "updated_at": "2024-11-01T00:00:00Z"
        }
    },
    {
        "model": "clubs.team",
        "pk": 5,
        "fields": {
            "name": "Plzeň Pelicans",
            "is_primary": true,
            "is_active": true,
            "club": 4,
            "created_at": "2024-11-01T00:00:00Z",
            "updated_at": "2024-11-01T00:00:00Z"
        }
    },
    {
        "model": "members.member",
        "pk": 5,
        "fields": {
            "club": 1,
            "first_name": "Petr",
            "last_name": "Svoboda",
            "birth_date": "1992-04-12",
            "sex": 2,
            "citizenship": "CZ",
            "birth_number": "",
            "email": "petr.svoboda@example.com",
            "email_confirmed_at": "2024-11-01T00:00:00Z",
            "is_active": true,
            "default_jersey_number": 11,
            "created_at": "2024-11-01T00:00:00Z",
            "updated_at": "2024-11-01T00:00:00Z"
        }
    },
    {
        "model": "members.member",
        "pk": 6,
        "fields": {
            "club": 1,
            "first_name": "Eva",
            "last_name": "Horáková",
            "birth_date": "1998-08-22",
            "sex": 1,
            "citizenship": "CZ",
            "birth_number": "",
            "email": "eva.horakova@example.com",
            "email_confirmed_at": "2024-11-01T00:00:00Z",
            "is_active": true,
            "default_jersey_number": 5,
            "created_at": "2024-11-01T00:00:00Z",
            "updated_at": "2024-11-01T00:00:00Z"
        }
    },
    {
        "model": "members.member",
        "pk": 7,
        "fields": {
            "club": 2,
            "first_name": "Tomáš",
            "last_name": "Novotný",
            "birth_date": "1990-01-30",
            "sex": 2,
            "citizenship": "CZ",
            "birth_number": "",
            "email": "tomas.novotny@example.com",
            "email_confirmed_at": "2024-11-01T00:00:00Z",
            "is_active": true,
            "default_jersey_number": 21,
            "created_at": "2024-11-01T00:00:00Z",
            "updated_at": "2024-11-01T00:00:00Z"
        }
    },
    {
        "model": "members.member",
        "pk": 8,
        "fields": {
            "club": 2,
            "first_name": "Lucie",
            "last_name": "Marková",
            "birth_date": "1996-11-05",
            "sex": 1,
            "citizenship": "CZ",
            "birth_number": "",
            "email": "lucie.markova@example.com",
            "email_confirmed_at": "2024-11-01T00:00:00Z",
            "is_active": true,
            "default_jersey_number": 8,
            "created_at": "2024-11-01T00:00:00Z",
            "updated_at": "2024-11-01T00:00:00Z"
        }
    },
    {
        "model": "members.member",
        "pk": 9,
        "fields": {
            "club": 2,
            "first_name": "Martin",
            "last_name": "Dvořák",
            "birth_date": "1988-06-18",
            "sex": 2,
            "citizenship": "CZ",
            "birth_number": "",
            "email": "martin.dvorak@example.com",
            "email_confirmed_at": "2024-11-01T00:00:00Z",
            "is_active": true,
            "default_jersey_number": 14,
            "created_at": "2024-11-01T00:00:00Z",
            "updated_at": "2024-11-01T00:00:00Z"
        }
    },
    {
        "model": "members.member",
        "pk": 10,
        "fields": {
            "club": 3,
            "first_name": "Jana",
            "last_name": "Kučerová",
            "birth_date": "1994-02-14",
            "sex": 1,
            "citizenship": "CZ",
            "birth_number": "",
            "email": "jana.kucerova@example.com",
            "email_confirmed_at": "2024-11-01T00:00:00Z",
            "is_active": true,
            "default_jersey_number": 3,
            "created_at": "2024-11-01T00:00:00Z",
            "updated_at": "2024-11-01T00:00:00Z"
        }
    },
    {
        "model": "members.member",
        "pk": 11,
        "fields": {
            "club": 3,
            "first_name": "Jakub",
            "last_name": "Veselý",
            "birth_date": "1991-09-09",
            "sex": 2,
            "citizenship": "CZ",
            "birth_number": "",
            "email": "jakub.vesely@example.com",
            "email_confirmed_at": "2024-11-01T00:00:00Z",
            "is_active": true,
            "default_jersey_number": 17,
            "created_at": "2024-11-01T00:00:00Z",
            "updated_at": "2024-11-01T00:00:00Z"
        }
    },
    {
        "model": "members.member",
        "pk": 12,
        "fields": {
            "club": 4,
            "first_name": "Karolína",
            "last_name": "Pokorná",
            "birth_date": "1999-12-25",
            "sex": 1,
            "citizenship": "CZ",
            "birth_number": "",
            "email": "karolina.pokorna@example.com",
            "email_confirmed_at": "2024-11-01T00:00:00Z",
            "is_active": true,
            "default_jersey_number": 9,
            "created_at": "2024-11-01T00:00:00Z",
            "updated_at": "2024-11-01T00:00:00Z"
        }
    },
    {
        "model": "members.member",
        "pk": 13,
        "fields": {
            "club": 4,
            "first_name": "Ondřej",
            "last_name": "Černý",
            "birth_date": "1987-03-03",
            "sex": 2,
            "citizenship": "CZ",
            "birth_number": "",
            "email": "ondrej.cerny@example.com",
            "email_confirmed_at": "2024-11-01T00:00:00Z",
            "is_active": true,
            "default_jersey_number": 22,
            "created_at": "2024-11-01T00:00:00Z",
            "updated_at": "2024-11-01T00:00:00Z"
        }
    },
    {
        "model": "auth.user",
        "pk": 4,
        "fields": {
            "username": "brno_agent",
            "password": "!",
            "is_staff": false,
            "is_superuser": false,
            "is_active": true,
            "first_name": "Petr",
            "last_name": "Novák",
            "email": "agent@brnohammers.cz",
            "date_joined": "2024-11-01T00:00:00Z"
        }
    },
    {
        "model": "auth.user",
        "pk": 5,
        "fields": {
            "username": "ostrava_agent",
            "password": "!",
            "is_staff": false,
            "is_superuser": false,
            "is_active": true,
            "first_name": "Marie",
            "last_name": "Kratochvílová",
            "email": "agent@ostravaospreys.cz",
            "date_joined": "2024-11-01T00:00:00Z"
        }
    },
    {
        "model": "users.agent",
        "pk": 2,
        "fields": {
            "picture_url": "",
            "user": 4,
            "has_email_notifications_enabled": true,
            "created_at": "2024-11-01T00:00:00Z",
            "updated_at": "2024-11-01T00:00:00Z"
        }
    },
    {
        "model": "users.agent",
        "pk": 3,
        "fields": {
            "picture_url": "",
            "user": 5,
            "has_email_notifications_enabled": true,
            "created_at": "2024-11-01T00:00:00Z",
            "updated_at": "2024-11-01T00:00:00Z"
        }
    },
    {
        "model": "users.agentatclub",
        "pk": 1,
        "fields": {
            "agent": 1,
            "club": 1,
            "is_primary": true,
            "is_active": true,
            "invited_by": 2,
            "created_at": "2024-11-01T00:00:00Z",
            "updated_at": "2024-11-01T00:00:00Z"
        }
    },
    {
        "model": "users.agentatclub",
        "pk": 2,
        "fields": {
            "agent": 2,
            "club": 2,
            "is_primary": true,
            "is_active": true,
            "invited_by": 2,
            "created_at": "2024-11-01T00:00:00Z",
            "updated_at": "2024-11-01T00:00:00Z"
        }
    },
    {
        "model": "users.agentatclub",
        "pk": 3,
        "fields": {
            "agent": 3,
            "club": 3,
            "is_primary": true,
            "is_active": true,
            "invited_by": 2,
            "created_at": "2024-11-01T00:00:00Z",
            "updated_at": "2024-11-01T00:00:00Z"
        }
    },
    {
        "model": "finance.invoice",
        "pk": 1,
        "fields": {
            "club": 1,
            "state": 3,
            "type": 1,
            "original_amount": "4000.00",
            "lines": [
                {
                    "name": "Juniorské mistrovství ČR 2025 WOMEN U20 - Startovné za Prague Devils",
                    "unit_price": "2000.00"
                },
                {
                    "name": "Halové mistrovství ČR 2025 MIXED - Startovné za Prague Devils B",
                    "unit_price": "2000.00"
                }
            ],
            "fakturoid_invoice_id": null,
            "fakturoid_total": "4000.00",
            "fakturoid_status": "paid",
            "fakturoid_public_html_url": "",
            "fakturoid_due_on": "2025-04-15",
            "created_at": "2025-03-15T00:00:00Z",
            "updated_at": "2025-03-15T00:00:00Z"
        }
    },
    {
        "model": "finance.invoice",
        "pk": 2,
        "fields": {
            "club": 1,
            "state": 2,
            "type": 2,
            "original_amount": "1800.00",
            "lines": [
                {
                    "name": "Sezónní poplatky hráčů 2025",
                    "unit_price": "1800.00"
                }
            ],
            "fakturoid_invoice_id": null,
            "fakturoid_total": null,
            "fakturoid_status": "open",
            "fakturoid_public_html_url": "",
            "fakturoid_due_on": "2025-05-30",
            "created_at": "2025-05-15T00:00:00Z",
            "updated_at": "2025-05-15T00:00:00Z"
        }
    },
    {
        "model": "finance.invoice",
        "pk": 3,
        "fields": {
            "club": 2,
            "state": 1,
            "type": 1,
            "original_amount": "2000.00",
            "lines": [
                {
                    "name": "Halové mistrovství ČR 2025 MIXED - Startovné za Brno Hammers",
                    "unit_price": "2000.00"
                }
            ],
            "fakturoid_invoice_id": null,
            "fakturoid_total": null,
            "fakturoid_status": "",
            "fakturoid_public_html_url": "",
            "fakturoid_due_on": null,
            "created_at": "2025-03-20T00:00:00Z",
            "updated_at": "2025-03-20T00:00:00Z"
        }
    },
    {
        "model": "members.transfer",
        "pk": 1,
        "fields": {
            "member": 1,
            "state": 1,
            "source_club": 1,
            "target_club": 2,
            "requesting_club": 1,
            "approving_club": 2,
            "requested_by": 1,
            "approved_by": null,
            "approved_at": null,
            "created_at": "2025-04-01T09:00:00Z",
            "updated_at": "2025-04-01T09:00:00Z"
        }
    },
    {
        "model": "members.transfer",
        "pk": 2,
        "fields": {
            "member": 4,
            "state": 2,
            "source_club": 1,
            "target_club": 3,
            "requesting_club": 1,
            "approving_club": 3,
            "requested_by": 1,
            "approved_by": 1,
            "approved_at": "2025-03-05T10:00:00Z",
            "created_at": "2025-03-01T09:00:00Z",
            "updated_at": "2025-03-05T10:00:00Z"
        }
    },
    {
        "model": "clubs.clubnotification",
        "pk": 1,
        "fields": {
            "agent_at_club": 1,
            "subject": "Přihláška schválena",
            "message": "Vaše přihláška do soutěže JMČR 2025 WOMEN U20 byla schválena.",
            "is_read": false,
            "created_at": "2025-03-18T08:00:00Z",
            "updated_at": "2025-03-18T08:00:00Z"
        }
    },
    {
        "model": "clubs.clubnotification",
        "pk": 2,
        "fields": {
            "agent_at_club": 1,
            "subject": "Faktura vystavena",
            "message": "Byla vystavena faktura za startovné. Zkontrolujte prosím platbu.",
            "is_read": true,
            "created_at": "2025-03-15T08:00:00Z",
            "updated_at": "2025-03-16T08:00:00Z"
        }
    },
    {
        "model": "tournaments.teamattournament",
        "pk": 2,
        "fields": {
            "tournament": 1,
            "application": 3,
            "final_placement": 2,
            "spirit_avg": "12.500",
            "seeding": 1,
            "created_at": "2024-11-01T00:00:00Z",
            "updated_at": "2024-11-01T00:00:00Z"
        }
    },
    {
        "model": "tournaments.memberattournament",
        "pk": 3,
        "fields": {
            "tournament": 1,
            "team_at_tournament": 2,
            "member": 2,
            "is_captain": true,
            "is_spirit_captain": false,
            "is_coach": false,
            "jersey_number": 7,
            "created_at": "2024-11-01T00:00:00Z",
            "updated_at": "2024-11-01T00:00:00Z"
        }
    },
    {
        "model": "tournaments.memberattournament",
        "pk": 4,
        "fields": {
            "tournament": 1,
            "team_at_tournament": 2,
            "member": 3,
            "is_captain": false,
            "is_spirit_captain": true,
            "is_coach": false,
            "jersey_number": 10,
            "created_at": "2024-11-01T00:00:00Z",
            "updated_at": "2024-11-01T00:00:00Z"
        }
    },
    {
        "model": "competitions.season",
        "pk": 2,
        "fields": {
            "name": "2035",
            "discounted_fee": "250.00",
            "regular_fee": "700.00",
            "fee_at_tournament": "70.00",
            "min_allowed_age": 14,
            "age_reference_date": "2035-12-31",
            "created_at": "2024-11-01T00:00:00Z",
            "updated_at": "2024-11-01T00:00:00Z"
        }
    },
    {
        "model": "competitions.competition",
        "pk": 3,
        "fields": {
            "name": "MČR",
            "season": 2,
            "division": 2,
            "age_limit": null,
            "environment": 1,
            "fee_type": 3,
            "deposit": "2000.00",
            "registration_deadline": "2035-06-30T23:59:59Z",
            "description": "Otevřená registrace pro mistrovství ČR ve výkonnostní kategorii Mixed.",
            "allow_team_transfers": false,
            "created_at": "2024-11-01T00:00:00Z",
            "updated_at": "2024-11-01T00:00:00Z"
        }
    },
    {
        "model": "competitions.competition",
        "pk": 4,
        "fields": {
            "name": "JMČR",
            "season": 2,
            "division": 1,
            "age_limit": 1,
            "environment": 2,
            "fee_type": 2,
            "deposit": "1500.00",
            "registration_deadline": "2035-07-15T23:59:59Z",
            "description": "Otevřená registrace pro juniorské mistrovství ČR žen.",
            "allow_team_transfers": true,
            "created_at": "2024-11-01T00:00:00Z",
            "updated_at": "2024-11-01T00:00:00Z"
        }
    },
    {
        "model": "competitions.competition",
        "pk": 5,
        "fields": {
            "name": "HMČR",
            "season": 2,
            "division": 2,
            "age_limit": null,
            "environment": 2,
            "fee_type": 1,
            "deposit": "1000.00",
            "registration_deadline": "2026-03-01T23:59:59Z",
            "description": "Registrace pro halové mistrovství ČR je již uzavřena.",
            "allow_team_transfers": false,
            "created_at": "2024-11-01T00:00:00Z",
            "updated_at": "2024-11-01T00:00:00Z"
        }
    },
    {
        "model": "tournaments.tournament",
        "pk": 7,
        "fields": {
            "competition": 3,
            "name": "Summer Series 2035",
            "start_date": "2035-08-15",
            "end_date": "2035-08-17",
            "location": "Praha",
            "rosters_deadline": "2035-08-14T18:00:00Z",
            "created_at": "2024-11-01T00:00:00Z",
            "updated_at": "2024-11-01T00:00:00Z"
        }
    },
    {
        "model": "tournaments.tournament",
        "pk": 8,
        "fields": {
            "competition": 3,
            "name": "Autumn Series 2035",
            "start_date": "2035-09-20",
            "end_date": "2035-09-22",
            "location": "Brno",
            "rosters_deadline": "2035-09-19T18:00:00Z",
            "created_at": "2024-11-01T00:00:00Z",
            "updated_at": "2024-11-01T00:00:00Z"
        }
    },
    {
        "model": "tournaments.tournament",
        "pk": 9,
        "fields": {
            "competition": 4,
            "name": "Indoor Cup 2035",
            "start_date": "2035-10-10",
            "end_date": "2035-10-11",
            "location": "Ostrava",
            "rosters_deadline": "2035-10-09T18:00:00Z",
            "created_at": "2024-11-01T00:00:00Z",
            "updated_at": "2024-11-01T00:00:00Z"
        }
    },
    {
        "model": "competitions.division",
        "pk": 3,
        "fields": {
            "name": "Open",
            "is_female_allowed": true,
            "is_male_allowed": true,
            "created_at": "2024-11-01T00:00:00Z",
            "updated_at": "2024-11-01T00:00:00Z"
        }
    },
    {
        "model": "competitions.agelimit",
        "pk": 3,
        "fields": {
            "name": "U24",
            "m_min": 12,
            "m_max": 23,
            "f_min": 12,
            "f_max": 23,
            "created_at": "2024-11-01T00:00:00Z",
            "updated_at": "2024-11-01T00:00:00Z"
        }
    },
    {
        "model": "competitions.agelimit",
        "pk": 4,
        "fields": {
            "name": "Grand Masters",
            "m_min": 40,
            "m_max": 99,
            "f_min": 37,
            "f_max": 99,
            "created_at": "2024-11-01T00:00:00Z",
            "updated_at": "2024-11-01T00:00:00Z"
        }
    },
    {
        "model": "international_tournaments.internationaltournament",
        "pk": 1,
        "fields": {
            "name": "World Beach Ultimate Championships",
            "season": 1,
            "date_from": "2025-11-15",
            "date_to": "2025-11-22",
            "city": "Portimão",
            "country": "PT",
            "type": 1,
            "environment": 3,
            "fee_type": 1,
            "created_at": "2025-06-01T00:00:00Z",
            "updated_at": "2025-06-01T00:00:00Z"
        }
    },
    {
        "model": "international_tournaments.internationaltournament",
        "pk": 2,
        "fields": {
            "name": "European Youth Ultimate Championships U20",
            "season": 1,
            "date_from": "2025-08-03",
            "date_to": "2025-08-09",
            "city": "Trnava",
            "country": "SK",
            "type": 1,
            "environment": 1,
            "fee_type": 1,
            "created_at": "2025-06-01T00:00:00Z",
            "updated_at": "2025-06-01T00:00:00Z"
        }
    },
    {
        "model": "international_tournaments.internationaltournament",
        "pk": 3,
        "fields": {
            "name": "European Masters Ultimate Championships",
            "season": 1,
            "date_from": "2025-07-16",
            "date_to": "2025-07-20",
            "city": "Lund",
            "country": "SE",
            "type": 1,
            "environment": 1,
            "fee_type": 1,
            "created_at": "2025-06-01T00:00:00Z",
            "updated_at": "2025-06-01T00:00:00Z"
        }
    },
    {
        "model": "international_tournaments.internationaltournament",
        "pk": 4,
        "fields": {
            "name": "World Under-24 Ultimate Championship",
            "season": 1,
            "date_from": "2025-06-21",
            "date_to": "2025-06-28",
            "city": "Logroño",
            "country": "ES",
            "type": 1,
            "environment": 1,
            "fee_type": 1,
            "created_at": "2025-06-01T00:00:00Z",
            "updated_at": "2025-06-01T00:00:00Z"
        }
    },
    {
        "model": "international_tournaments.teamatinternationaltournament",
        "pk": 1,
        "fields": {
            "tournament": 1,
            "team": 33,
            "age_limit": null,
            "division": 2,
            "team_name": "National team",
            "final_placement": 3,
            "total_teams": 27,
            "created_at": "2025-06-01T00:00:00Z",
            "updated_at": "2025-06-01T00:00:00Z"
        }
    },
    {
        "model": "international_tournaments.teamatinternationaltournament",
        "pk": 2,
        "fields": {
            "tournament": 1,
            "team": 33,
            "age_limit": 4,
            "division": 3,
            "team_name": "National team",
            "final_placement": 7,
            "total_teams": 13,
            "created_at": "2025-06-01T00:00:00Z",
            "updated_at": "2025-06-01T00:00:00Z"
        }
    },
    {
        "model": "international_tournaments.teamatinternationaltournament",
        "pk": 3,
        "fields": {
            "tournament": 1,
            "team": 33,
            "age_limit": null,
            "division": 1,
            "team_name": "National team",
            "final_placement": 12,
            "total_teams": 18,
            "created_at": "2025-06-01T00:00:00Z",
            "updated_at": "2025-06-01T00:00:00Z"
        }
    },
    {
        "model": "international_tournaments.teamatinternationaltournament",
        "pk": 4,
        "fields": {
            "tournament": 2,
            "team": 33,
            "age_limit": 1,
            "division": 3,
            "team_name": "National team",
            "final_placement": 5,
            "total_teams": 14,
            "created_at": "2025-06-01T00:00:00Z",
            "updated_at": "2025-06-01T00:00:00Z"
        }
    },
    {
        "model": "international_tournaments.teamatinternationaltournament",
        "pk": 5,
        "fields": {
            "tournament": 2,
            "team": 33,
            "age_limit": 1,
            "division": 1,
            "team_name": "National team",
            "final_placement": 3,
            "total_teams": 7,
            "created_at": "2025-06-01T00:00:00Z",
            "updated_at": "2025-06-01T00:00:00Z"
        }
    },
    {
        "model": "international_tournaments.teamatinternationaltournament",
        "pk": 6,
        "fields": {
            "tournament": 3,
            "team": 33,
            "age_limit": 2,
            "division": 3,
            "team_name": "National team",
            "final_placement": 11,
            "total_teams": 12,
            "created_at": "2025-06-01T00:00:00Z",
            "updated_at": "2025-06-01T00:00:00Z"
        }
    },
    {
        "model": "international_tournaments.teamatinternationaltournament",
        "pk": 7,
        "fields": {
            "tournament": 3,
            "team": 33,
            "age_limit": 2,
            "division": 1,
            "team_name": "National team",
            "final_placement": 7,
            "total_teams": 8,
            "created_at": "2025-06-01T00:00:00Z",
            "updated_at": "2025-06-01T00:00:00Z"
        }
    },
    {
        "model": "international_tournaments.teamatinternationaltournament",
        "pk": 8,
        "fields": {
            "tournament": 4,
            "team": 33,
            "age_limit": 3,
            "division": 2,
            "team_name": "National team",
            "final_placement": 6,
            "total_teams": 21,
            "created_at": "2025-06-01T00:00:00Z",
            "updated_at": "2025-06-01T00:00:00Z"
        }
    },
    {
        "model": "international_tournaments.memberatinternationaltournament",
        "pk": 1,
        "fields": {
            "tournament": 1,
            "team_at_tournament": 1,
            "member": 2,
            "is_captain": true,
            "is_spirit_captain": false,
            "is_coach": false,
            "jersey_number": 23,
            "created_at": "2025-06-01T00:00:00Z",
            "updated_at": "2025-06-01T00:00:00Z"
        }
    },
    {
        "model": "international_tournaments.memberatinternationaltournament",
        "pk": 2,
        "fields": {
            "tournament": 1,
            "team_at_tournament": 1,
            "member": 3,
            "is_captain": false,
            "is_spirit_captain": true,
            "is_coach": false,
            "jersey_number": 10,
            "created_at": "2025-06-01T00:00:00Z",
            "updated_at": "2025-06-01T00:00:00Z"
        }
    },
    {
        "model": "international_tournaments.memberatinternationaltournament",
        "pk": 3,
        "fields": {
            "tournament": 1,
            "team_at_tournament": 1,
            "member": 1,
            "is_captain": false,
            "is_spirit_captain": false,
            "is_coach": true,
            "jersey_number": 7,
            "created_at": "2025-06-01T00:00:00Z",
            "updated_at": "2025-06-01T00:00:00Z"
        }
    },
    {
        "model": "international_tournaments.memberatinternationaltournament",
        "pk": 4,
        "fields": {
            "tournament": 1,
            "team_at_tournament": 1,
            "member": 5,
            "is_captain": false,
            "is_spirit_captain": false,
            "is_coach": false,
            "jersey_number": 11,
            "created_at": "2025-06-01T00:00:00Z",
            "updated_at": "2025-06-01T00:00:00Z"
        }
    },
    {
        "model": "international_tournaments.memberatinternationaltournament",
        "pk": 5,
        "fields": {
            "tournament": 1,
            "team_at_tournament": 1,
            "member": 6,
            "is_captain": false,
            "is_spirit_captain": false,
            "is_coach": false,
            "jersey_number": 5,
            "created_at": "2025-06-01T00:00:00Z",
            "updated_at": "2025-06-01T00:00:00Z"
        }
    },
    {
        "model": "international_tournaments.memberatinternationaltournament",
        "pk": 6,
        "fields": {
            "tournament": 1,
            "team_at_tournament": 1,
            "member": 8,
            "is_captain": false,
            "is_spirit_captain": false,
            "is_coach": false,
            "jersey_number": 8,
            "created_at": "2025-06-01T00:00:00Z",
            "updated_at": "2025-06-01T00:00:00Z"
        }
    },
    {
        "model": "international_tournaments.memberatinternationaltournament",
        "pk": 7,
        "fields": {
            "tournament": 1,
            "team_at_tournament": 2,
            "member": 7,
            "is_captain": true,
            "is_spirit_captain": false,
            "is_coach": false,
            "jersey_number": 21,
            "created_at": "2025-06-01T00:00:00Z",
            "updated_at": "2025-06-01T00:00:00Z"
        }
    },
    {
        "model": "international_tournaments.memberatinternationaltournament",
        "pk": 8,
        "fields": {
            "tournament": 1,
            "team_at_tournament": 2,
            "member": 9,
            "is_captain": false,
            "is_spirit_captain": true,
            "is_coach": false,
            "jersey_number": 14,
            "created_at": "2025-06-01T00:00:00Z",
            "updated_at": "2025-06-01T00:00:00Z"
        }
    },
    {
        "model": "international_tournaments.memberatinternationaltournament",
        "pk": 9,
        "fields": {
            "tournament": 1,
            "team_at_tournament": 2,
            "member": 11,
            "is_captain": false,
            "is_spirit_captain": false,
            "is_coach": true,
            "jersey_number": 17,
            "created_at": "2025-06-01T00:00:00Z",
            "updated_at": "2025-06-01T00:00:00Z"
        }
    },
    {
        "model": "international_tournaments.memberatinternationaltournament",
        "pk": 10,
        "fields": {
            "tournament": 1,
            "team_at_tournament": 2,
            "member": 4,
            "is_captain": false,
            "is_spirit_captain": false,
            "is_coach": false,
            "jersey_number": 96,
            "created_at": "2025-06-01T00:00:00Z",
            "updated_at": "2025-06-01T00:00:00Z"
        }
    },
    {
        "model": "international_tournaments.memberatinternationaltournament",
        "pk": 11,
        "fields": {
            "tournament": 1,
            "team_at_tournament": 3,
            "member": 10,
            "is_captain": true,
            "is_spirit_captain": false,
            "is_coach": false,
            "jersey_number": 3,
            "created_at": "2025-06-01T00:00:00Z",
            "updated_at": "2025-06-01T00:00:00Z"
        }
    },
    {
        "model": "international_tournaments.memberatinternationaltournament",
        "pk": 12,
        "fields": {
            "tournament": 1,
            "team_at_tournament": 3,
            "member": 12,
            "is_captain": false,
            "is_spirit_captain": false,
            "is_coach": false,
            "jersey_number": 9,
            "created_at": "2025-06-01T00:00:00Z",
            "updated_at": "2025-06-01T00:00:00Z"
        }
    },
    {
        "model": "international_tournaments.memberatinternationaltournament",
        "pk": 13,
        "fields": {
            "tournament": 2,
            "team_at_tournament": 4,
            "member": 1,
            "is_captain": true,
            "is_spirit_captain": false,
            "is_coach": false,
            "jersey_number": 7,
            "created_at": "2025-06-01T00:00:00Z",
            "updated_at": "2025-06-01T00:00:00Z"
        }
    },
    {
        "model": "international_tournaments.memberatinternationaltournament",
        "pk": 14,
        "fields": {
            "tournament": 2,
            "team_at_tournament": 4,
            "member": 5,
            "is_captain": false,
            "is_spirit_captain": true,
            "is_coach": false,
            "jersey_number": 11,
            "created_at": "2025-06-01T00:00:00Z",
            "updated_at": "2025-06-01T00:00:00Z"
        }
    },
    {
        "model": "international_tournaments.memberatinternationaltournament",
        "pk": 15,
        "fields": {
            "tournament": 2,
            "team_at_tournament": 4,
            "member": 7,
            "is_captain": false,
            "is_spirit_captain": false,
            "is_coach": false,
            "jersey_number": 21,
            "created_at": "2025-06-01T00:00:00Z",
            "updated_at": "2025-06-01T00:00:00Z"
        }
    },
    {
        "model": "international_tournaments.memberatinternationaltournament",
        "pk": 16,
        "fields": {
            "tournament": 2,
            "team_at_tournament": 4,
            "member": 9,
            "is_captain": false,
            "is_spirit_captain": false,
            "is_coach": false,
            "jersey_number": 14,
            "created_at": "2025-06-01T00:00:00Z",
            "updated_at": "2025-06-01T00:00:00Z"
        }
    },
    {
        "model": "international_tournaments.memberatinternationaltournament",
        "pk": 17,
        "fields": {
            "tournament": 2,
            "team_at_tournament": 4,
            "member": 11,
            "is_captain": false,
            "is_spirit_captain": false,
            "is_coach": false,
            "jersey_number": 17,
            "created_at": "2025-06-01T00:00:00Z",
            "updated_at": "2025-06-01T00:00:00Z"
        }
    },
    {
        "model": "international_tournaments.memberatinternationaltournament",
        "pk": 18,
        "fields": {
            "tournament": 2,
            "team_at_tournament": 4,
            "member": 13,
            "is_captain": false,
            "is_spirit_captain": false,
            "is_coach": true,
            "jersey_number": 22,
            "created_at": "2025-06-01T00:00:00Z",
            "updated_at": "2025-06-01T00:00:00Z"
        }
    },
    {
        "model": "international_tournaments.memberatinternationaltournament",
        "pk": 19,
        "fields": {
            "tournament": 2,
            "team_at_tournament": 5,
            "member": 3,
            "is_captain": true,
            "is_spirit_captain": false,
            "is_coach": false,
            "jersey_number": 10,
            "created_at": "2025-06-01T00:00:00Z",
            "updated_at": "2025-06-01T00:00:00Z"
        }
    },
    {
        "model": "international_tournaments.memberatinternationaltournament",
        "pk": 20,
        "fields": {
            "tournament": 2,
            "team_at_tournament": 5,
            "member": 6,
            "is_captain": false,
            "is_spirit_captain": true,
            "is_coach": false,
            "jersey_number": 5,
            "created_at": "2025-06-01T00:00:00Z",
            "updated_at": "2025-06-01T00:00:00Z"
        }
    },
    {
        "model": "international_tournaments.memberatinternationaltournament",
        "pk": 21,
        "fields": {
            "tournament": 2,
            "team_at_tournament": 5,
            "member": 2,
            "is_captain": false,
            "is_spirit_captain": false,
            "is_coach": false,
            "jersey_number": 23,
            "created_at": "2025-06-01T00:00:00Z",
            "updated_at": "2025-06-01T00:00:00Z"
        }
    },
    {
        "model": "international_tournaments.memberatinternationaltournament",
        "pk": 22,
        "fields": {
            "tournament": 2,
            "team_at_tournament": 5,
            "member": 8,
            "is_captain": false,
            "is_spirit_captain": false,
            "is_coach": false,
            "jersey_number": 8,
            "created_at": "2025-06-01T00:00:00Z",
            "updated_at": "2025-06-01T00:00:00Z"
        }
    },
    {
        "model": "international_tournaments.memberatinternationaltournament",
        "pk": 23,
        "fields": {
            "tournament": 2,
            "team_at_tournament": 5,
            "member": 10,
            "is_captain": false,
            "is_spirit_captain": false,
            "is_coach": false,
            "jersey_number": 3,
            "created_at": "2025-06-01T00:00:00Z",
            "updated_at": "2025-06-01T00:00:00Z"
        }
    },
    {
        "model": "international_tournaments.memberatinternationaltournament",
        "pk": 24,
        "fields": {
            "tournament": 2,
            "team_at_tournament": 5,
            "member": 12,
            "is_captain": false,
            "is_spirit_captain": false,
            "is_coach": false,
            "jersey_number": 9,
            "created_at": "2025-06-01T00:00:00Z",
            "updated_at": "2025-06-01T00:00:00Z"
        }
    },
    {
        "model": "international_tournaments.memberatinternationaltournament",
        "pk": 25,
        "fields": {
            "tournament": 4,
            "team_at_tournament": 8,
            "member": 7,
            "is_captain": true,
            "is_spirit_captain": false,
            "is_coach": false,
            "jersey_number": 21,
            "created_at": "2025-06-01T00:00:00Z",
            "updated_at": "2025-06-01T00:00:00Z"
        }
    },
    {
        "model": "international_tournaments.memberatinternationaltournament",
        "pk": 26,
        "fields": {
            "tournament": 4,
            "team_at_tournament": 8,
            "member": 8,
            "is_captain": false,
            "is_spirit_captain": true,
            "is_coach": false,
            "jersey_number": 8,
            "created_at": "2025-06-01T00:00:00Z",
            "updated_at": "2025-06-01T00:00:00Z"
        }
    },
    {
        "model": "international_tournaments.memberatinternationaltournament",
        "pk": 27,
        "fields": {
            "tournament": 4,
            "team_at_tournament": 8,
            "member": 1,
            "is_captain": false,
            "is_spirit_captain": false,
            "is_coach": true,
            "jersey_number": 7,
            "created_at": "2025-06-01T00:00:00Z",
            "updated_at": "2025-06-01T00:00:00Z"
        }
    },
    {
        "model": "international_tournaments.memberatinternationaltournament",
        "pk": 28,
        "fields": {
            "tournament": 4,
            "team_at_tournament": 8,
            "member": 2,
            "is_captain": false,
            "is_spirit_captain": false,
            "is_coach": false,
            "jersey_number": 23,
            "created_at": "2025-06-01T00:00:00Z",
            "updated_at": "2025-06-01T00:00:00Z"
        }
    },
    {
        "model": "international_tournaments.memberatinternationaltournament",
        "pk": 29,
        "fields": {
            "tournament": 4,
            "team_at_tournament": 8,
            "member": 5,
            "is_captain": false,
            "is_spirit_captain": false,
            "is_coach": false,
            "jersey_number": 11,
            "created_at": "2025-06-01T00:00:00Z",
            "updated_at": "2025-06-01T00:00:00Z"
        }
    },
    {
        "model": "international_tournaments.memberatinternationaltournament",
        "pk": 30,
        "fields": {
            "tournament": 4,
            "team_at_tournament": 8,
            "member": 6,
            "is_captain": false,
            "is_spirit_captain": false,
            "is_coach": false,
            "jersey_number": 5,
            "created_at": "2025-06-01T00:00:00Z",
            "updated_at": "2025-06-01T00:00:00Z"
        }
    },
    {
        "model": "international_tournaments.memberatinternationaltournament",
        "pk": 31,
        "fields": {
            "tournament": 4,
            "team_at_tournament": 8,
            "member": 9,
            "is_captain": false,
            "is_spirit_captain": false,
            "is_coach": false,
            "jersey_number": 14,
            "created_at": "2025-06-01T00:00:00Z",
            "updated_at": "2025-06-01T00:00:00Z"
        }
    },
    {
        "model": "international_tournaments.memberatinternationaltournament",
        "pk": 32,
        "fields": {
            "tournament": 4,
            "team_at_tournament": 8,
            "member": 10,
            "is_captain": false,
            "is_spirit_captain": false,
            "is_coach": false,
            "jersey_number": 3,
            "created_at": "2025-06-01T00:00:00Z",
            "updated_at": "2025-06-01T00:00:00Z"
        }
    },
    {
        "model": "international_tournaments.internationaltournament",
        "pk": 5,
        "fields": {
            "name": "European Ultimate Championships",
            "season": 2,
            "date_from": "2035-07-28",
            "date_to": "2035-08-03",
            "city": "Frankfurt",
            "country": "DE",
            "type": 1,
            "environment": 1,
            "fee_type": 2,
            "created_at": "2035-01-15T00:00:00Z",
            "updated_at": "2035-01-15T00:00:00Z"
        }
    },
    {
        "model": "international_tournaments.teamatinternationaltournament",
        "pk": 9,
        "fields": {
            "tournament": 5,
            "team": 33,
            "age_limit": null,
            "division": 3,
            "team_name": "National team",
            "final_placement": null,
            "total_teams": null,
            "created_at": "2035-01-15T00:00:00Z",
            "updated_at": "2035-01-15T00:00:00Z"
        }
    },
    {
        "model": "international_tournaments.teamatinternationaltournament",
        "pk": 10,
        "fields": {
            "tournament": 5,
            "team": 33,
            "age_limit": null,
            "division": 1,
            "team_name": "National team",
            "final_placement": null,
            "total_teams": null,
            "created_at": "2035-01-15T00:00:00Z",
            "updated_at": "2035-01-15T00:00:00Z"
        }
    },
    {
        "model": "international_tournaments.teamatinternationaltournament",
        "pk": 11,
        "fields": {
            "tournament": 5,
            "team": 33,
            "age_limit": null,
            "division": 2,
            "team_name": "National team",
            "final_placement": null,
            "total_teams": null,
            "created_at": "2035-01-15T00:00:00Z",
            "updated_at": "2035-01-15T00:00:00Z"
        }
    },
    {
        "model": "international_tournaments.memberatinternationaltournament",
        "pk": 33,
        "fields": {
            "tournament": 5,
            "team_at_tournament": 9,
            "member": 1,
            "is_captain": true,
            "is_spirit_captain": false,
            "is_coach": false,
            "jersey_number": 7,
            "created_at": "2035-01-15T00:00:00Z",
            "updated_at": "2035-01-15T00:00:00Z"
        }
    },
    {
        "model": "international_tournaments.memberatinternationaltournament",
        "pk": 34,
        "fields": {
            "tournament": 5,
            "team_at_tournament": 9,
            "member": 5,
            "is_captain": false,
            "is_spirit_captain": true,
            "is_coach": false,
            "jersey_number": 11,
            "created_at": "2035-01-15T00:00:00Z",
            "updated_at": "2035-01-15T00:00:00Z"
        }
    },
    {
        "model": "international_tournaments.memberatinternationaltournament",
        "pk": 35,
        "fields": {
            "tournament": 5,
            "team_at_tournament": 9,
            "member": 7,
            "is_captain": false,
            "is_spirit_captain": false,
            "is_coach": false,
            "jersey_number": 21,
            "created_at": "2035-01-15T00:00:00Z",
            "updated_at": "2035-01-15T00:00:00Z"
        }
    },
    {
        "model": "international_tournaments.memberatinternationaltournament",
        "pk": 36,
        "fields": {
            "tournament": 5,
            "team_at_tournament": 9,
            "member": 9,
            "is_captain": false,
            "is_spirit_captain": false,
            "is_coach": false,
            "jersey_number": 14,
            "created_at": "2035-01-15T00:00:00Z",
            "updated_at": "2035-01-15T00:00:00Z"
        }
    },
    {
        "model": "international_tournaments.memberatinternationaltournament",
        "pk": 37,
        "fields": {
            "tournament": 5,
            "team_at_tournament": 9,
            "member": 11,
            "is_captain": false,
            "is_spirit_captain": false,
            "is_coach": false,
            "jersey_number": 17,
            "created_at": "2035-01-15T00:00:00Z",
            "updated_at": "2035-01-15T00:00:00Z"
        }
    },
    {
        "model": "international_tournaments.memberatinternationaltournament",
        "pk": 38,
        "fields": {
            "tournament": 5,
            "team_at_tournament": 9,
            "member": 13,
            "is_captain": false,
            "is_spirit_captain": false,
            "is_coach": true,
            "jersey_number": 22,
            "created_at": "2035-01-15T00:00:00Z",
            "updated_at": "2035-01-15T00:00:00Z"
        }
    }
]
